{"mean": {"10 Game Rolling Average Away Team Field Goals Made": 38.345099637345356, "10 Game Rolling Average Away Team Field Goals Attempted": 83.71898306020158, "10 Game Rolling Average Away Team Field Goal Percentage": 0.4552728092736164, "10 Game Rolling Average Away Team 3-Point Field Goals Made": 5.60557222232838, "10 Game Rolling Average Away Team 3-Point Field Goals Attempted": 17.69391366293064, "10 Game Rolling Average Away Team 3-Point Percentage": 0.3360791307096136, "10 Game Rolling Average Away Team Free Throws Made": 19.800910059129155, "10 Game Rolling Average Away Team Free Throws Attempted": 26.120100287582176, "10 Game Rolling Average Away Team Free Throw Percentage": 0.7525791860048971, "10 Game Rolling Average Away Team Offensive Rebounds": 11.702899536911072, "10 Game Rolling Average Away Team Defensive Rebounds": 30.22654793722937, "10 Game Rolling Average Away Team Total Rebounds": 42.13511677002347, "10 Game Rolling Average Away Team Assists": 22.134856252843896, "10 Game Rolling Average Away Team Steals": 7.860063728503313, "10 Game Rolling Average Away Team Blocks": 4.683558903206974, "10 Game Rolling Average Away Team Turnovers": 15.19998671207428, "10 Game Rolling Average Away Team Personal Fouls": 23.12250028928714, "10 Game Rolling Average Away Team Points": 100.97034000780701, "10 Game Rolling Average Home Team field goals": 39.66696441893407, "10 Game Rolling Average Home Team Field Goals Attempted": 84.03960864387075, "10 Game Rolling Average Home Team Field Goal Percentage": 0.4671656976331496, "10 Game Rolling Average Home Team 3-Point Field Goals Made": 5.703153017134222, "10 Game Rolling Average Home Team 3-Point Field Goals Attempted": 17.669744021512113, "10 Game Rolling Average Home Team 3-Point Percentage": 0.3452684280795446, "10 Game Rolling Average Home Team Free Throws Made": 20.704013675858345, "10 Game Rolling Average Home Team Free Throws Attempted": 27.215086690273427, "10 Game Rolling Average Home Team Free Throw Percentage": 0.7552575946942092, "10 Game Rolling Average Home Team Offensive Rebounds": 12.126894694481578, "10 Game Rolling Average Home Team Defensive Rebounds": 31.404858419284672, "10 Game Rolling Average Home Team Total Rebounds": 43.8020828121646, "10 Game Rolling Average Home Team Assists": 23.94840649342271, "10 Game Rolling Average Home Team Steals": 7.998318963734225, "10 Game Rolling Average Home Team Blocks": 5.316735792290945, "10 Game Rolling Average Home Team Turnovers": 14.786749469143217, "10 Game Rolling Average Home Team Personal Fouls": 22.406595578195436, "10 Game Rolling Average Home Team Points": 104.59811688994301}, "std": {"10 Game Rolling Average Away Team Field Goals Made": 4.471431812206166, "10 Game Rolling Average Away Team Field Goals Attempted": 6.0629459026187735, "10 Game Rolling Average Away Team Field Goal Percentage": 0.027639985724294634, "10 Game Rolling Average Away Team 3-Point Field Goals Made": 3.7539480344723413, "10 Game Rolling Average Away Team 3-Point Field Goals Attempted": 9.478580221581435, "10 Game Rolling Average Away Team 3-Point Percentage": 0.05924234152533901, "10 Game Rolling Average Away Team Free Throws Made": 3.6747409667515902, "10 Game Rolling Average Away Team Free Throws Attempted": 4.727323954305165, "10 Game Rolling Average Away Team Free Throw Percentage": 0.05395443505699574, "10 Game Rolling Average Away Team Offensive Rebounds": 2.2200926548961863, "10 Game Rolling Average Away Team Defensive Rebounds": 2.944773618125798, "10 Game Rolling Average Away Team Total Rebounds": 3.220300662748934, "10 Game Rolling Average Away Team Assists": 2.9203802341504552, "10 Game Rolling Average Away Team Steals": 1.3410546525542815, "10 Game Rolling Average Away Team Blocks": 1.0882668276298708, "10 Game Rolling Average Away Team Turnovers": 2.014833033107114, "10 Game Rolling Average Away Team Personal Fouls": 3.042223736070926, "10 Game Rolling Average Away Team Points": 9.784536715895479, "10 Game Rolling Average Home Team field goals": 4.651037001287542, "10 Game Rolling Average Home Team Field Goals Attempted": 5.683305286766151, "10 Game Rolling Average Home Team Field Goal Percentage": 0.02967435764144826, "10 Game Rolling Average Home Team 3-Point Field Goals Made": 3.8510686563068477, "10 Game Rolling Average Home Team 3-Point Field Goals Attempted": 9.570215087009567, "10 Game Rolling Average Home Team 3-Point Percentage": 0.05947943104159604, "10 Game Rolling Average Home Team Free Throws Made": 3.8483276389181826, "10 Game Rolling Average Home Team Free Throws Attempted": 4.895723833818975, "10 Game Rolling Average Home Team Free Throw Percentage": 0.04373921425831242, "10 Game Rolling Average Home Team Offensive Rebounds": 2.417351238106608, "10 Game Rolling Average Home Team Defensive Rebounds": 2.8536916947300788, "10 Game Rolling Average Home Team Total Rebounds": 3.537458300141495, "10 Game Rolling Average Home Team Assists": 3.4597289170361503, "10 Game Rolling Average Home Team Steals": 1.4651423641086272, "10 Game Rolling Average Home Team Blocks": 1.4197499139176062, "10 Game Rolling Average Home Team Turnovers": 1.8897121287960224, "10 Game Rolling Average Home Team Personal Fouls": 2.8473917114698426, "10 Game Rolling Average Home Team Points": 10.00048859813888}}